region,title,url,publish_date,source
Latin_America,Who is running Venezuela after US forces seized Maduro?,https://www.bbc.com/news/articles/crmlz7r0zrxo,2026-01-03,bbc.com
Latin_America,Trump confirma la captura de Maduro tras ataque estadounidense en Venezuela,https://www.latecla.info/163877-donald-trump-confirma-la-captura-de-nicols-maduro-tras-ataque-estadounidense-en-venezuela,2026-01-03,latecla.info
Latin_America,"Trump: ""EEUU gobernará Venezuela hasta que logremos una transición segura""",https://www.latecla.info/163891-donald-trump-eeuu-gobernar-venezuela-hasta-que-logremos-una-transicin-segura-y-nacional,2026-01-03,latecla.info
Latin_America,Román Rodríguez de Nueva Canarias: Trump es un peligro para la humanidad,https://www.soldelsurtenerife.com/opinion/juan-santana/roman-rodriguez-nueva-canarias-trump-es-peligro-humanidad/20260106131858101733.html,2026-01-06,soldelsurtenerife.com
Latin_America,"Governo brasileiro diz que fronteira com Venezuela segue aberta e ""tranquila""",https://www.metropoles.com/brasil/governo-reuniao-emergencia-eua-venezuela,2026-01-03,metropoles.com
Latin_America,"Quem é Cilia Flores, esposa de Maduro e também capturada pelos EUA",https://www.metropoles.com/mundo/quem-e-cilia-flores-esposa-de-maduro-e-tambem-capturada-pelos-eua,2026-01-03,metropoles.com
Latin_America,Governo de Roraima diz estar de prontidão na fronteira com Venezuela,https://www.metropoles.com/mundo/governo-de-roraima-diz-estar-de-prontidao-na-fronteira-com-venezuela,2026-01-03,metropoles.com
Latin_America,"Oposição da Venezuela diz que captura de Maduro foi ""negociada""",https://www.metropoles.com/mundo/oposicao-da-venezuela-diz-que-captura-de-maduro-foi-negociada,2026-01-03,metropoles.com
Latin_America,Suprema Corte ordena que vice de Maduro assuma presidência,https://www.metropoles.com/mundo/venezuela-suprema-corte-ordena-que-vice-de-maduro-assuma-presidencia,2026-01-04,metropoles.com
Latin_America,Ataque EUA à Venezuela: preço do petróleo pode cair? Entenda,https://www.metropoles.com/negocios/ataque-eua-a-venezuela-preco-do-petroleo-pode-cair-entenda,2026-01-03,metropoles.com
Latin_America,Chanceler da Venezuela conversa com Mauro Vieira após ataque dos EUA,https://www.metropoles.com/mundo/chanceler-da-venezuela-conversa-com-mauro-vieira-apos-ataque-dos-eua,2026-01-03,metropoles.com
Latin_America,Venezuela: líderes do governo criticam ação e citam interesses dos EUA,https://www.metropoles.com/brasil/lider-do-pt-na-camara-repudia-ataque-na-venezuela-e-pede-acao-da-onu,2026-01-03,metropoles.com
Latin_America,América Latina e Caribe fazem reunião emergencial após ataque dos EUA,https://www.metropoles.com/mundo/venezuela-al-e-caribe-fazem-reuniao-emergencial-apos-ataque-dos-eua,2026-01-04,metropoles.com
Latin_America,"Gleisi critica Tarcísio: ""É muito cinismo para um bolsonarista só""",https://www.metropoles.com/brasil/gleisi-critica-tarcisio-e-muito-cinismo-para-um-bolsonarista-so,2026-01-04,metropoles.com
Latin_America,Governo Lula fará nova reunião sobre ataque dos EUA à Venezuela,https://www.metropoles.com/brasil/governo-lula-fara-nova-reuniao-sobre-ataque-dos-eua-a-venezuela,2026-01-03,metropoles.com
Latin_America,Maduro deve ser transferido para a violenta “prisão dos famosos” de NY,https://www.metropoles.com/mundo/maduro-deve-ser-transferido-para-a-violenta-prisao-dos-famosos-de-ny,2026-01-04,metropoles.com
Latin_America,Venezuela: Exército brasileiro deve reforçar acolhimento a refugiados,https://www.metropoles.com/brasil/venezuela-exercito-brasileiro-deve-reforcar-acolhimento-a-refugiados,2026-01-03,metropoles.com
Latin_America,Ucrânia reage à captura de Maduro e condena regime chavista,https://www.metropoles.com/mundo/ucrania-captura-maduro,2026-01-03,metropoles.com
Latin_America,"Trump: ""Toda a capacidade militar venezuelana ficou sem nenhum poder""",https://www.metropoles.com/mundo/trump-toda-a-capacidade-militar-venezuelana-ficou-sem-nenhum-poder,2026-01-03,metropoles.com
Latin_America,Artistas venezuelanos comemoram captura de Maduro após ataque dos EUA,https://www.metropoles.com/celebridades/artistas-venezuelanos-se-pronunciam-apos-ataque-dos-eua,2026-01-03,metropoles.com
Latin_America,Nikolas e youtuber da esquerda trocam ofensas após montagem com Lula,https://www.metropoles.com/colunas/paulo-cappelli/nikolas-e-youtuber-da-esquerda-trocam-ofensas-apos-montagem-com-lula,2026-01-04,metropoles.com
Latin_America,Governo Lula convoca reunião de emergência após Trump capturar Maduro,https://www.metropoles.com/colunas/igor-gadelha/governo-lula-convoca-reuniao-de-emergencia-apos-trump-capturar-maduro,2026-01-03,metropoles.com
Latin_America,Venezuelanos em Boa Vista ocupam praça e comemoram prisão de Maduro,https://www.metropoles.com/brasil/venezuelanos-em-boa-vista-ocupam-praca-e-comemoram-prisao-de-maduro,2026-01-04,metropoles.com
Latin_America,Conflitos e negociações no Oriente Médio marcaram gestão Trump em 2025,https://www.metropoles.com/mundo/conflitos-e-negociacoes-no-oriente-medio-marcaram-gestao-trump-em-2025,2026-01-04,metropoles.com
Latin_America,"Trump diz que assistiu captura de Maduro ao vivo como ""programa de TV""",https://www.metropoles.com/mundo/trump-assistiu-captura-maduro-tv,2026-01-03,metropoles.com
Latin_America,"Netanyahu elogia Trump e cita América Latina no ""eixo americano""",https://www.metropoles.com/mundo/netanyahu-elogia-trump-e-cita-america-latina-no-eixo-americano,2026-01-04,metropoles.com
Latin_America,Donald Trump ha atacado a siete países desde que volvió a la presidencia de EE.UU.,https://www.larepublica.co/globoeconomia/donald-trump-ha-atacado-a-siete-paises-desde-que-volvio-a-la-presidencia-de-ee-uu-4338559,2026-01-03,larepublica.co
Latin_America,"Venezuela, Arabia Saudita e Iran, los países con las mayores reservas de petróleo",https://www.larepublica.co/globoeconomia/venezuela-arabia-saudita-e-iran-los-paises-con-las-mayores-reservas-de-petroleo-4338561,2026-01-03,larepublica.co
Latin_America,China defende reunião de emergência na ONU sobre EUA x Venezuela,https://www.metropoles.com/mundo/china-defende-reuniao-de-emergencia-na-onu-sobre-eua-x-venezuela,2026-01-05,metropoles.com
Latin_America,Nikolas acusa esquerda de ditar reação de venezuelanos quanto a Maduro,https://www.metropoles.com/brasil/nikolas-acusa-esquerda-de-ditar-reacao-de-venezuelanos-quanto-a-maduro,2026-01-04,metropoles.com
Latin_America,"Cantor gospel reage à fala de Lula sobre Nicolás Maduro: ""O próximo""",https://www.metropoles.com/celebridades/cantor-gospel-reage-a-fala-de-lula-sobre-nicolas-maduro-o-proximo,2026-01-06,metropoles.com
Latin_America,"França não aprova ""método"" para capturar Maduro, diz Macron em reunião",https://www.metropoles.com/mundo/franca-nao-aprova-metodo-para-capturar-maduro-diz-macron-em-reuniao,2026-01-05,metropoles.com
Latin_America,Dólar recua e Bolsa sobe forte com crise na Venezuela em segundo plano,https://www.metropoles.com/negocios/dolar-cambio-ibovespa-moeda-mercados-bolsa-cotacoes-fechamento,2026-01-06,metropoles.com
Latin_America,Venezuela: os fatos que levaram Trump a recusar apoio a María Corina,https://www.metropoles.com/colunas/mario-sabino/venezuela-os-fatos-que-levaram-trump-a-recusar-apoio-a-maria-corina,2026-01-06,metropoles.com
Latin_America,Trump publica meme ironizando captura de Nicolás Maduro,https://www.metropoles.com/viralizou/trump-publica-meme-ironizando-captura-de-nicolas-maduro,2026-01-04,metropoles.com
Latin_America,Defesa diz que esposa de Maduro foi ferida durante captura pelos EUA,https://www.metropoles.com/mundo/defesa-maduro-cilia-flores-ferida-captura,2026-01-05,metropoles.com
Latin_America,"""Venezuela não irá se render aos EUA"", diz filho de Maduro",https://www.metropoles.com/mundo/venezuela-nao-ira-se-render-aos-eua-diz-filho-de-maduro,2026-01-05,metropoles.com
Latin_America,"""Não estamos ocupando a Venezuela"", diz os EUA na ONU",https://www.metropoles.com/mundo/nao-estamos-ocupando-a-venezuela-diz-os-eua-na-onu,2026-01-05,metropoles.com
Latin_America,Presídio onde Maduro está já teve brasileiro famoso preso; saiba quem,https://www.metropoles.com/mundo/presidio-onde-maduro-esta-ja-teve-brasileiro-famoso-preso-saiba-quem,2026-01-06,metropoles.com
Latin_America,Ações de petrolíferas dos EUA disparam após intervenção na Venezuela,https://www.metropoles.com/negocios/acoes-de-petroliferas-dos-eua-disparam-apos-intervencao-na-venezuela,2026-01-05,metropoles.com
Latin_America,"Ministro faz ronda em Caracas após captura de Maduro: ""Leais, sempre""",https://www.metropoles.com/mundo/ministro-faz-ronda-em-caracas-apos-captura-de-maduro-leais-sempre,2026-01-06,metropoles.com
Latin_America,"Trump capturou Maduro, mas erra ao transigir com ditadura na Venezuela",https://www.metropoles.com/colunas/mario-sabino/trump-capturou-maduro-mas-erra-ao-transigir-com-ditadura-na-venezuela,2026-01-05,metropoles.com
Latin_America,Petro diz que voltará “a pegar em armas” se os EUA invadirem a Colômbia,https://www.metropoles.com/mundo/petro-diz-que-voltara-a-pegar-em-armas-se-os-eua-invadirem-a-colombia,2026-01-06,metropoles.com
Latin_America,Por que o petróleo da Venezuela é tão estratégico para os EUA?,https://www.metropoles.com/mundo/por-que-o-petroleo-da-venezuela-e-tao-estrategico-para-os-eua,2026-01-06,metropoles.com
Latin_America,"Preterida, Nobel da Paz agradece a Trump por ""libertar a Venezuela""",https://www.metropoles.com/mundo/preterida-nobel-da-paz-agradece-a-trump-por-libertar-a-venezuela,2026-01-05,metropoles.com
Latin_America,Presidente da Câmara dos EUA descarta envio de tropas à Venezuela,https://www.metropoles.com/mundo/presidente-da-camara-dos-eua-descarta-envio-de-tropas-a-venezuela,2026-01-06,metropoles.com
Latin_America,"""Inferno na Terra"": conheça ""prisão dos famosos"" onde está Maduro",https://www.metropoles.com/mundo/inferno-na-terra-conheca-prisao-dos-famosos-onde-esta-maduro,2026-01-05,metropoles.com
Latin_America,Prêmie da Groenlândia condena nova ameaça de Trump por anexação,https://www.metropoles.com/mundo/premie-da-groenlandia-condena-nova-ameaca-de-trump-por-anexacao,2026-01-05,metropoles.com
Latin_America,Quem é o padre que citou Trump e causou tensão durante missa em Goiás,https://www.metropoles.com/colunas/mirelle-pinheiro/fala-de-padre-sobre-trump-e-maduro-causa-tensao-durante-missa-em-goias,2026-01-06,metropoles.com
Latin_America,O que a Defesa respondeu a deputados sobre o conflito EUA-Venezuela,https://www.metropoles.com/colunas/igor-gadelha/o-que-a-defesa-respondeu-a-deputados-sobre-o-conflito-eua-venezuela,2026-01-05,metropoles.com
Latin_America,"Brasil critica EUA após ataque à Venezuela: ""Cruza linha inaceitável""",https://www.metropoles.com/mundo/brasil-critica-eua-onu-venezuela,2026-01-05,metropoles.com
Latin_America,"""Este é nosso hemisfério"", diz Rubio após ação dos EUA na Venezuela",https://www.metropoles.com/mundo/este-e-nosso-hemisferio-diz-rubio-apos-acao-dos-eua-na-venezuela,2026-01-05,metropoles.com
Latin_America,"Colômbia: Petro pede à população que ""tome o poder"" em caso de invasão",https://www.metropoles.com/mundo/petro-pede-a-populacao-da-colombia-tome-o-poder-em-caso-de-invasao,2026-01-05,metropoles.com
Latin_America,"Trump sobre Maduro: ""Tenta imitar minha dança, mas é um cara violento""",https://www.metropoles.com/mundo/venezuela-dancas-de-maduro-teriam-sido-decisivas-para-prisao,2026-01-06,metropoles.com
Latin_America,"Após operação militar na Venezuela, Trump ameaça atacar a Colômbia",https://www.metropoles.com/mundo/apos-venezuela-trump-ameaca-atacar-a-colombia,2026-01-05,metropoles.com
Latin_America,Entenda situação dos clubes da Venezuela após ataque dos EUA,https://www.metropoles.com/esportes/entenda-situacao-dos-clubes-da-venezuela-apos-ataque-dos-eua,2026-01-05,metropoles.com
Latin_America,"""Em princípio"" Exército não reforça fronteira entre Brasil e Venezuela",https://www.metropoles.com/brasil/em-principio-exercito-nao-reforca-fronteira-entre-brasil-e-venezuela,2026-01-05,metropoles.com
Latin_America,Colômbia: Petro reage a ameaças de Trump após ataque à Venezuela,https://www.metropoles.com/mundo/colombia-petro-reage-a-ameacas-de-trump-apos-ataque-a-venezuela,2026-01-05,metropoles.com
Latin_America,"Apesar de ""química"", governo teme dedo de Trump nas eleições do Brasil",https://www.metropoles.com/brasil/apesar-de-quimica-governo-teme-dedo-de-trump-nas-eleicoes-do-brasil,2026-01-06,metropoles.com
Latin_America,"Paraguay, la economía que más creció en Suramérica en las últimas seis décadas",https://www.larepublica.co/globoeconomia/paraguay-la-economia-que-mas-crecio-en-sudamerica-en-las-ultimas-seis-decadas-4317339,2026-01-02,larepublica.co
Latin_America,﻿Trump dice que “Cuba no podrá sobrevivir” tras ordenar nuevas sanciones,https://esdiario.com.mx/trump-dice-que-cuba-no-podra-sobrevivir-tras-ordenar-nuevas-sanciones/,2026-01-07,esdiario.com.mx
Latin_America,﻿Trump dice que volvió a hablar con Machado,https://esdiario.com.mx/trump-dice-que-volvio-a-hablar-con-machado/,2026-01-04,esdiario.com.mx
Latin_America,"6 em cada 10 eleitores dos EUA dizem que Trump foca as polÃ­ticas erradas, aponta pesquisa",https://www1.folha.uol.com.br/mundo/2026/01/6-em-cada-10-eleitores-dos-eua-dizem-que-trump-foca-as-politicas-erradas-aponta-pesquisa.shtml,2026-01-06,uol.com.br
Latin_America,﻿Wall Street repunta con fuerza ante menor preocupación sobre Trump y Groenlandia,https://esdiario.com.mx/wall-street-repunta-con-fuerza-ante-menor-preocupacion-sobre-trump-y-groenlandia/,2026-01-05,esdiario.com.mx
Latin_America,"EE.UU. manejarÃ¡ el 12,7% del petrÃ³leo de Venezuela, Â¿quÃ© busca Trump?",https://www.elcolombiano.com/internacional/petroleo-venezuela-eeuu-control-12-por-ciento-produccion-anual-GG32344435,2026-01-07,elcolombiano.com
Latin_America,Transição pactuada – CartaCapital,https://www.cartacapital.com.br/opiniao/transicao-pactuada/#comment-14666,2026-01-08,cartacapital.com.br
Latin_America,"TRUMP, MADURO Y EL COLAPSO DEL DERECHO INTERNACIONAL",https://noticias.perfil.com/noticias/espacio-no-editorial/trump-maduro-y-el-colapso-del-derecho-internacional.phtml,2026-01-06,perfil.com
Latin_America,"Internacionales | Tras las amenazas a Colombia, Trump habló con Petro y lo invitó a Estados Unidos",https://www.lapampadiaxdia.com.ar/2026/01/internacionales-_0296497295.html,2026-01-10,lapampadiaxdia.com.ar
Latin_America,Risco existencial – CartaCapital,https://www.cartacapital.com.br/opiniao/risco-existencial/#comment-14655,2026-01-08,cartacapital.com.br
Latin_America,Patriotas às avessas – CartaCapital,https://www.cartacapital.com.br/mundo/patriotas-as-avessas/#comment-14654,2026-01-08,cartacapital.com.br
Latin_America,El difícil equilibrio político para Petro tras el espaldarazo de Trump,https://elpais.com/america-colombia/2026-01-10/el-dificil-equilibrio-politico-para-petro-tras-el-espaldarazo-de-trump.html,2026-01-10,elpais.com
Latin_America,"Trump ya no âcomunicaâ, ahora golpea (entiÃ©ndase)...",https://vanguardia.com.mx/opinion/trump-ya-no-comunica-ahora-golpea-entiendase-GI18899429,2026-01-10,vanguardia.com.mx
Latin_America,"Donde aprieta, no chorrea: Trump y la polÃ­tica expansionista",https://vanguardia.com.mx/opinion/donde-aprieta-no-chorrea-trump-y-la-politica-expansionista-BI18898018,2026-01-10,vanguardia.com.mx
Latin_America,Desinflan petroleras entusiasmo de Trump,https://www.laprensa.mx/notas.asp?id=794047,2026-01-10,laprensa.mx
Latin_America,El gran garrote del siglo XXI,https://www.anred.org/el-gran-garrote-del-siglo-xxi/?utm_source=rss&utm_medium=rss&utm_campaign=el-gran-garrote-del-siglo-xxi,2026-01-10,anred.org
Latin_America,Alto el fuego en Gaza: Donald Trump presiona para convocar al consejo de paz ante las dudas de Israel y Hamas,https://tn.com.ar/internacional/2026/01/04/alto-el-fuego-en-gaza-pese-a-la-presion-de-donald-trump-la-segunda-fase-de-la-tregua-esta-cada-vez-mas-lejos/,2026-01-04,tn.com.ar
Latin_America,Partido Missão quer métodos de Moraes contra crime organizado,https://www.gazetadopovo.com.br/eleicoes/2026/partido-missao-quer-usar-metodos-de-moraes-em-guerra-contra-o-crime-organizado/,2026-01-10,gazetadopovo.com.br
Latin_America,El Gobierno de Trump alerta que grupos armados chavistas están persiguiendo a estadounidenses en Venezuela,https://infosanpedro.com.ar/el-gobierno-de-trump-alerta-que-grupos-armados-chavistas-estan-persiguiendo-a-estadounidenses-en-venezuela/,2026-01-10,infosanpedro.com.ar
Latin_America,El fracaso estratégico de Trump en Venezuela,https://www.elfinanciero.com.mx/opinion/enrique-quintana/2026/01/10/el-fracaso-estrategico-de-trump-en-venezuela/,2026-01-10,elfinanciero.com.mx
Latin_America,Nicaragua también cede ante Trump: Anuncia que liberará a presos políticos tras presiones de EU,https://www.elfinanciero.com.mx/mundo/2026/01/10/nicaragua-tambien-cede-ante-trump-anuncia-que-liberara-a-presos-politicos-tras-presiones-de-eu/,2026-01-10,elfinanciero.com.mx
Latin_America,"No tan rápido, Trump: Instituto Nobel advierte a Corina Machado que no puede compartir su premio",https://www.elfinanciero.com.mx/mundo/2026/01/10/no-tan-rapido-trump-instituto-nobel-advierte-a-corina-machado-que-no-puede-compartir-su-premio/,2026-01-10,elfinanciero.com.mx
Latin_America,‘Las crisis no se resuelven erosionando las reglas’: presidente de la Andi,https://www.eltiempo.com/economia/sectores/las-crisis-no-se-resuelven-erosionando-las-reglas-3523439,2026-01-10,eltiempo.com
Latin_America,Análisis de Ricardo Ávila,https://www.eltiempo.com/economia/sectores/pelea-de-gigantes-analisis-de-ricardo-avila-3523435,2026-01-10,eltiempo.com
Latin_America,Candidatos entran a nueva fase de sus campañas con miras a las consultas interpartidistas: así está el pulso,https://www.eltiempo.com/politica/elecciones-colombia-2026/candidatos-entran-a-nueva-fase-de-sus-campanas-con-miras-a-las-consultas-interpartidistas-asi-esta-el-pulso-3523353,2026-01-10,eltiempo.com
Latin_America,¿Quiénes serán los nuevos presidentes de las altas Cortes este 2026? / En Secreto,https://www.eltiempo.com/politica/partidos-politicos/quienes-seran-los-nuevos-presidentes-de-las-altas-cortes-este-2026-en-secreto-3523397,2026-01-10,eltiempo.com
Latin_America,El Gobierno de Trump alerta que grupos armados chavistas están persiguiendo a estadounidenses en Venezuela,https://www.radioaoran.com.ar/el-gobierno-de-trump-alerta-que-grupos-armados-chavistas-estan-persiguiendo-a-estadounidenses-en-venezuela/,2026-01-10,radioaoran.com.ar
Latin_America,EE. UU. impone un tutelaje sobre Venezuela con miras a lograr la transición: ¿funcionará el experimento geopolítico que puede redefinir la región?,https://www.eltiempo.com/mundo/eeuu-y-canada/ee-uu-impone-un-tutelaje-sobre-venezuela-con-miras-a-lograr-la-transicion-funcionara-el-experimento-geopolitico-que-puede-redefinir-la-region-3523232,2026-01-10,eltiempo.com
Latin_America,"Trump amenaza con tomar Groenlandia ""por las malas""",https://www.yucatan.com.mx/mundo/2026/01/10/trump-amenaza-con-tomar-groenlandia-por-las-malas.html,2026-01-10,yucatan.com.mx
Latin_America,Donald Trump afirma que Venezuela inició 'a lo grande' la liberación de presos políticos y les pide no olvidar la intervención de Estados Unidos,https://www.eltiempo.com/mundo/eeuu-y-canada/donald-trump-afirma-que-venezuela-inicio-a-lo-grande-la-liberacion-de-presos-politicos-y-les-pide-no-olvidar-la-intervencion-de-estados-unidos-3523433,2026-01-10,eltiempo.com
Latin_America,El hijo de Maduro compartió el primer mensaje de su padre desde la cárcel: “Estamos bien”,https://tn.com.ar/politica/2026/01/10/el-hijo-de-maduro-compartio-el-primer-mensaje-de-su-padre-desde-la-carcel-estamos-bien/,2026-01-10,tn.com.ar
Latin_America,"Águila, jaguar y tigre",https://www.eltiempo.com/opinion/columnistas/aguila-jaguar-y-tigre-3523421,2026-01-10,eltiempo.com
Latin_America,¿Jaguar engaña al águila?,https://www.eltiempo.com/opinion/columnistas/jaguar-engana-al-aguila-3523424,2026-01-10,eltiempo.com
Latin_America,El Gobierno de Trump alerta que grupos armados chavistas están persiguiendo a estadounidenses en Venezuela,https://fmcompromiso.com.ar/el-gobierno-de-trump-alerta-que-grupos-armados-chavistas-estan-persiguiendo-a-estadounidenses-en-venezuela/,2026-01-10,fmcompromiso.com.ar
Latin_America,La malsana ausencia de hipocresía,https://www.eltiempo.com/opinion/columnistas/la-malsana-ausencia-de-hipocresia-3523422,2026-01-10,eltiempo.com
Latin_America,Transición en Venezuela,https://www.eltiempo.com/opinion/editorial/transicion-en-venezuela-3523415,2026-01-10,eltiempo.com
Latin_America,Gobernador de Antioquia hace el balance del 2025: 'Nos costará mucho volver a una situación donde no sean los bandidos los que impongan la agenda',https://www.eltiempo.com/colombia/medellin/entrevista-gobernador-de-antioquia-hace-el-balance-del-2025-y-lo-que-espera-para-3520881,2026-01-10,eltiempo.com
Latin_America,De cirugía a tragicomedia,https://www.eltiempo.com/opinion/columnistas/de-cirugia-a-tragicomedia-3523419,2026-01-10,eltiempo.com
Latin_America,Mindefensa revela los coletazos en materia de seguridad para Colombia con la presencia indefinida de EE. UU. en Venezuela,https://www.eltiempo.com/justicia/conflicto-y-narcotrafico/mindefensa-revela-los-coletazos-en-materia-de-seguridad-para-colombia-con-la-presencia-indefinida-de-ee-uu-en-venezuela-3523340,2026-01-10,eltiempo.com
Latin_America,"Eln, frontera y elecciones: los efectos en Colombia del quiebre del régimen chavista en Venezuela",https://www.eltiempo.com/justicia/conflicto-y-narcotrafico/eln-frontera-y-elecciones-los-efectos-en-colombia-del-quiebre-del-regimen-chavista-en-venezuela-3523336,2026-01-10,eltiempo.com
Latin_America,"Nicaragua excarcela a ""decenas"" de presos en medio de presiones de Estados Unidos",https://www.larepublica.co/globoeconomia/nicaragua-excarcela-a-decenas-de-presos-en-medio-de-presiones-de-estados-unidos-4303842,2026-01-10,larepublica.co
Latin_America,Gustavo Petro y Donald Trump entran en tregua con primera cita a la vista: lo que está en juego entre Bogotá y Washington,https://www.eltiempo.com/politica/gobierno/gustavo-petro-y-donald-trump-entran-en-tregua-con-primera-cita-a-la-vista-lo-que-esta-en-juego-entre-bogota-y-washington-3523349,2026-01-10,eltiempo.com
Latin_America,Como avanço da direita na América Latina pode ajudar Venezuela,https://www.gazetadopovo.com.br/mundo/como-avanco-direita-america-latina-pode-contribuir-reconstrucao-venezuela/,2026-01-10,gazetadopovo.com.br
Latin_America,‘Con Estados Unidos compartimos el interés por el bienestar del pueblo venezolano’: canciller Rosa Villavicencio,https://www.eltiempo.com/politica/gobierno/con-estados-unidos-compartimos-el-interes-por-el-bienestar-del-pueblo-venezolano-canciller-rosa-villavicencio-3523358,2026-01-10,eltiempo.com
Latin_America,Nobel nega possibilidade de entrega do Prêmio da Paz a Trump,https://www.gazetadopovo.com.br/mundo/nobel-nega-possibilidade-de-entrega-do-premio-da-paz-a-trump-apos-sugestao-de-maria-corina/,2026-01-10,gazetadopovo.com.br
Latin_America,"‘Aspiramos a que Maduro enfrente condena de cadena perpetua por actos de tortura’: Kelvi Zambrano, sobre el nuevo proceso presentado en EE. UU.",https://www.eltiempo.com/mundo/venezuela/aspiramos-a-que-maduro-enfrente-condena-de-cadena-perpetua-por-actos-de-tortura-el-nuevo-proceso-presentado-en-estados-unidos-contra-el-chavista-3523204,2026-01-10,eltiempo.com
Latin_America,El orden mundial hobbesiano de Donald Trump,https://www.eltiempo.com/mundo/eeuu-y-canada/el-orden-mundial-hobbesiano-de-donald-trump-3523320,2026-01-10,eltiempo.com
Latin_America,Nicaragua excarcela a presos políticos en aniversario del Gobierno ante presión de Trump,https://urgente24.com/mundo/nicaragua-excarcela-presos-politicos-aniversario-del-gobierno-presion-trump-n616785,2026-01-10,urgente24.com
Latin_America,Cuatro conceptos claves para entender el pensamiento y las acciones de Donald Trump en la región,https://www.eltiempo.com/mundo/eeuu-y-canada/cuatro-conceptos-claves-para-entender-el-pensamiento-y-las-acciones-de-donald-trump-en-la-region-3523330,2026-01-10,eltiempo.com
Latin_America,"‘La Casa Blanca debería priorizar ser vista como un socio, no como amenaza’",https://www.eltiempo.com/mundo/eeuu-y-canada/la-casa-blanca-deberia-priorizar-ser-vista-como-un-socio-no-como-amenaza-3523323,2026-01-10,eltiempo.com
Latin_America,Trump afirma que “todos van a estar felices” con la transición en Venezuela tras la captura de Maduro,https://www.hsbnoticias.com/trump-afirma-que-todos-van-a-estar-felices-con-la-transicion-en-venezuela-tras-la-captura-de-maduro/,2026-01-10,hsbnoticias.com
Latin_America,"Trump gira roleta de regime na Venezuela e quer GroenlÃ¢ndia, diz Ian Bremmer",https://www1.folha.uol.com.br/ilustrissima/2026/01/trump-gira-roleta-de-regime-na-venezuela-e-quer-groenlandia-diz-ian-bremmer.shtml,2026-01-10,uol.com.br
Latin_America,"'O Brasil nÃ£o tem jeito', escreve leitor sobre retorno de Eduardo Cunha Ã polÃ­tica",https://www1.folha.uol.com.br/paineldoleitor/2026/01/o-brasil-nao-tem-jeito-escreve-leitor-sobre-retorno-de-eduardo-cunha-a-politica.shtml,2026-01-10,uol.com.br
Latin_America,"'Temos que investir no nosso reforÃ§o militar', diz leitor sobre aÃ§Ãµes de Trump na Venezuela",https://www1.folha.uol.com.br/paineldoleitor/2026/01/temos-que-investir-no-nosso-reforco-militar-diz-leitor-sobre-acoes-de-trump-na-venezuela.shtml,2026-01-10,uol.com.br
Latin_America,Nicarágua liberta pessoas presas por comemorarem captura de Maduro,https://www.metropoles.com/mundo/nicaragua-liberta-pessoas-presas-por-comemorarem-captura-de-maduro,2026-01-10,metropoles.com
Latin_America,Petro revela cuál será el regalo que le llevará a Trump en su visita a la Casa Blanca,https://eltabloide.com.co/mas/actualidad/petro-revela-cual-sera-el-regalo-que-le-llevara-a-trump-en-su-visita-a-la-casa-blanca/,2026-01-10,eltabloide.com.co
Latin_America,"VÍDEO: Jornal Anhanguera 2ª Edição-TO de sábado, 10 de janeiro de 2026",https://g1.globo.com/to/tocantins/edicao/2026/01/10/video-jornal-anhanguera-2-edicao-to-de-sabado-10-de-janeiro-de-2026.ghtml,2026-01-10,globo.com
Latin_America,Sylvia Colombo: Venezuela tem disputa Team Delcy contra Team Cabello,https://www1.folha.uol.com.br/colunas/sylvia-colombo/2026/01/venezuela-tem-disputa-team-delcy-contra-team-cabello.shtml,2026-01-10,uol.com.br
Latin_America,PT tenta usar crise na Venezuela contra a direita e reaviva divisÃµes internas,https://www1.folha.uol.com.br/poder/2026/01/pt-tenta-usar-crise-na-venezuela-contra-a-direita-e-reaviva-divisoes-internas.shtml,2026-01-10,uol.com.br
Latin_America,Elio Gaspari: Uma das acusaÃ§Ãµes contra Maduro era piada pronta,https://www1.folha.uol.com.br/colunas/eliogaspari/2026/01/uma-das-acusacoes-contra-maduro-era-piada-pronta.shtml,2026-01-10,uol.com.br
Latin_America,"'Estoy pasando por el mejor momento de mi carrera, de mi vida': la última entrevista de Yeison Jiménez con EL TIEMPO",https://www.eltiempo.com/cultura/musica-y-libros/estoy-pasando-por-el-mejor-momento-de-mi-carrera-de-mi-vida-la-ultima-entrevista-de-yeison-jimenez-con-el-tiempo-3475403,2026-01-10,eltiempo.com
Latin_America,Crise na Venezuela e atrito de Petro com Trump jÃ¡ influenciam eleiÃ§Ãµes na ColÃ´mbia,https://www1.folha.uol.com.br/mundo/2026/01/crise-na-venezuela-e-atrito-de-petro-com-trump-ja-influenciam-eleicoes-na-colombia.shtml,2026-01-10,uol.com.br
Latin_America,Vídeos: morre Manoel Carlos,https://g1.globo.com/pop-arte/playlist/videos-morre-manoel-carlos.ghtml,2026-01-10,globo.com
Latin_America,"PrisÃ£o de Maduro deve ter pouco efeito no trÃ¡fico de drogas na regiÃ£o, dizem especialistas",https://www1.folha.uol.com.br/mundo/2026/01/prisao-de-maduro-deve-ter-pouco-efeito-no-trafico-de-drogas-na-regiao-dizem-especialistas.shtml,2026-01-10,uol.com.br
Latin_America,"VÍDEOS: JL2 de sábado, 10 de janeiro de 2026",https://g1.globo.com/pa/para/edicao/2026/01/10/videos-jl2-de-sabado-10-de-janeiro-de-2026.ghtml,2026-01-10,globo.com
Latin_America,Yeison Jiménez y otros músicos que murieron trágicamente en accidentes aéreos,https://www.eltiempo.com/cultura/gente/yeison-jimenez-y-otros-musicos-que-murieron-tragicamente-en-accidentes-aereos-3523409,2026-01-10,eltiempo.com
Latin_America,Es el único multimillonario de Venezuela en la lista Forbes y su fortuna de U$S7.300 millones está a salvo tras la intervención de Trump,https://www.ambito.com/negocios/es-el-unico-multimillonario-venezuela-la-lista-forbes-y-su-fortuna-us7300-millones-esta-la-intervencion-trump-n6232162,2026-01-10,ambito.com
Latin_America,Guiño a inversores: Donald Trump decreta la “emergencia nacional” en EEUU para proteger los ingresos por ventas de petróleo de Venezuela,https://www.ambito.com/mundo/guino-inversores-donald-trump-decreta-la-emergencia-nacional-eeuu-proteger-los-ingresos-ventas-petroleo-venezuela-n6232856,2026-01-10,ambito.com
Latin_America,Trump declara emergencia nacional para blindar ingresos del petróleo venezolano,https://www.sdpnoticias.com/internacional/trump-declara-emergencia-nacional-para-proteger-ingresos-petroleros-de-venezuela/,2026-01-10,sdpnoticias.com
Latin_America,Donald Trump firma un decreto especial para proteger las ganancias por petróleo de Venezuela retenidas por Estados Unidos,https://diarioelcentinela.com/donald-trump-firma-un-decreto-especial-para-proteger-las-ganancias-por-petroleo-de-venezuela-retenidas-por-estados-unidos/,2026-01-10,diarioelcentinela.com
Latin_America,Protestan contra las amenazas de Trump a México y el 'imperialismo' de EU en Venezuela,https://aristeguinoticias.com/100126/mexico/protestan-contra-las-amenazas-de-trump-a-mexico-y-el-imperialismo-de-eu-en-venezuela/,2026-01-10,aristeguinoticias.com
Latin_America,EUA bombardea de nuevo a ISIS en Siria tras la muerte de tres estadounidenses,https://www.lavozdemichoacan.com.mx/mundo/eua/eua-bombardea-de-nuevo-a-isis-en-siria-tras-la-muerte-de-tres-estadounidenses/,2026-01-10,lavozdemichoacan.com.mx
Latin_America,"La contradictoria Delcy Rodríguez amenaza a Donald Trump: ""Vamos a rescatar a Maduro""",https://cuestionentrerriana.com.ar/la-contradictoria-delcy-rodriguez-amenaza-a-donald-trump-vamos-a-rescatar-a-maduro/,2026-01-10,cuestionentrerriana.com.ar
Latin_America,Nicaragua y Venezuela liberan más presos políticos tras a presión de Trump,https://www.lanacion.com.ar/el-mundo/nicaragua-y-venezuela-liberan-mas-presos-politicos-tras-a-presion-de-trump-nid10012026/,2026-01-10,lanacion.com.ar
Latin_America,"Si no puede hacerlo por las buenas, Estados Unidos tomará Groenlandia ""por las malas"": Trump",https://cambiodemichoacan.com.mx/2026/01/10/si-no-puede-hacerlo-por-las-buenas-estados-unidos-tomara-groenlandia-por-las-malas-trump/,2026-01-10,cambiodemichoacan.com.mx
Latin_America,Trump firma orden para evitar embargo a recursos de Venezuela,https://www.sinembargo.mx/4750075/trump-firma-orden-para-evitar-embargo-a-los-recursos-de-venezuela-resguardados-por-eu/,2026-01-10,sinembargo.mx
Latin_America,"Trump decreta la ""emergencia nacional"" para proteger en EEUU las ventas del petróleo de Venezuela",https://www.elconfidencial.com/mundo/2026-01-10/trump-proteger-en-eeuu-ventas-petroleo-venezuela_4281687/,2026-01-10,elconfidencial.com
Latin_America,Corina ilusionó en vano a Trump: el Nobel no se comparte,https://www.sinembargo.mx/4750083/corina-ilusiono-en-vano-a-trump-el-nobel-no-se-puede-compartir-le-dice-el-instituto/,2026-01-10,sinembargo.mx
Latin_America,"Milei, en el nuevo mundo de la jungla",https://www.clarin.com/opinion/milei-nuevo-mundo-jungla_0_Lrn0KJpymT.html,2026-01-10,clarin.com
Latin_America,"Aumenta la tensión en el Catatumbo, tras llamada entre Trump y Petro",https://hoydiariodelmagdalena.com.co/1227535/aumenta-la-tension-en-el-catatumbo-tras-llamada-entre-trump-y-petro/,2026-01-10,hoydiariodelmagdalena.com.co
Latin_America,Donald Trump evalúa levantar sanciones a Venezuela para reactivar sector petrolero,https://urgente24.com/mundo/latinoamerica/donald-trump-evalua-levantar-sanciones-venezuela-reactivar-sector-petrolero-n616783,2026-01-10,urgente24.com
Latin_America,Diplomacia Vaticana: Frustrada mediación en favor de Nicolás Maduro,https://urgente24.com/mundo/diplomacia-vaticana-frustrada-mediacion-favor-nicolas-maduro-n616782,2026-01-10,urgente24.com
Latin_America,Vitória e Atlético-BA abrem Campeonato Baiano com empate sem gols,https://opiniaoenoticia.com.br/2026/01/10/vitoria-e-atletico-ba-abrem-campeonato-baiano-com-empate-sem-gols/,2026-01-10,opiniaoenoticia.com.br
Latin_America,Venezuela soma 13 presos políticos soltos desde captura de Maduro,https://ultimosegundo.ig.com.br/mundo/2026-01-10/venezuela-soma-13-presos-politicos-soltos-desde-captura-de-maduro.html,2026-01-10,ig.com.br
Latin_America,Nadie puede llorar a Maduro; tampoco aplaudir el discurso de Trump,https://www.clarin.com/opinion/nadie-puede-llorar-maduro-aplaudir-discurso-trump_0_Ckvu7LYt0w.html,2026-01-10,clarin.com
Latin_America,“é inviável investir na Venezuela”,https://opiniaoenoticia.com.br/2026/01/10/e-inviavel-investir-na-venezuela/,2026-01-10,opiniaoenoticia.com.br
Latin_America,«Ridículos»: El posteo de Catherine Fulop que incomodó a sus seguidores,https://elintransigente.com/2026/01/ridiculos-el-posteo-de-catherine-fulop-que-incomodo-a-sus-seguidores/,2026-01-10,elintransigente.com
Latin_America,Trump diz que Irã busca a liberdade e que os EUA ‘estão prontos para ajudar’,https://veja.abril.com.br/mundo/trump-diz-que-ira-busca-a-liberdade-e-que-os-eua-estao-prontos-para-ajudar/,2026-01-10,abril.com.br
Latin_America,Venezuela liberta 18 detentos de prisão após incursão militar dos EUA,https://www.ebc.com.br/destaques/agencia-brasil/venezuela-liberta-18-detentos-de-prisao-apos-incursao-militar-dos-eua,2026-01-10,ebc.com.br
Latin_America,El Gobierno de Trump alerta que grupos armados chavistas están persiguiendo a estadounidenses en Venezuela,https://www.clarin.com/mundo/gobierno-trump-alerta-grupos-armados-chavistas-persiguiendo-estadounidenses-venezuela_0_xCYg99SHEd.html,2026-01-10,clarin.com
Latin_America,"Las protestas en Irán se extienden a más de 100 ciudades, el régimen redobla la represión y Trump lanza otra advertencia",https://www.lanacion.com.ar/el-mundo/las-protestas-en-iran-se-extienden-a-mas-de-100-ciudades-el-regimen-redobla-la-represion-y-trump-nid10012026/,2026-01-10,lanacion.com.ar
Latin_America,Trump assina decreto para proteger receitas do petróleo da Venezuela retidas por EUA,https://www.cartacapital.com.br/mundo/trump-assina-decreto-para-proteger-receitas-do-petroleo-da-venezuela-retidas-por-eua/,2026-01-10,cartacapital.com.br
Latin_America,EUA cogitam retirar mais sanções econômicas contra a Venezuela,https://g1.globo.com/economia/noticia/2026/01/10/eua-cogitam-retirar-sancoes-economicas-contra-a-venezuela-na-proxima-semana.ghtml,2026-01-10,globo.com
Latin_America,"Folha Política: PRONUNCIAMENTO URGENTE DE DONALD TRUMP, MARCO RUBIO, SECRETÁRIO DE GUERRA E GENERAL CAINE",https://www.folhapolitica.org/2026/01/pronunciamento-urgente-de-donald-trump.html,2026-01-10,folhapolitica.org
Latin_America,Folha Política: DONALD TRUMP E MARCO RUBIO SE PRONUNCIAM APÓS ATAQUE À VENEZUELA E CAPTURA DO DITADOR MADURO,https://www.folhapolitica.org/2026/01/donald-trump-e-marco-rubio-se.html,2026-01-10,folhapolitica.org
Latin_America,"Con Vaca Muerta en alza y Venezuela en crisis, la Argentina gana peso en el mapa petrolero regional",https://tn.com.ar/economia/2026/01/10/con-vaca-muerta-en-alza-y-venezuela-en-crisis-la-argentina-gana-peso-en-el-mapa-petrolero-regional/,2026-01-10,tn.com.ar
Latin_America,Trump blinda receitas do petróleo da Venezuela com decreto,https://www.gazetadopovo.com.br/mundo/trump-assina-decreto-para-blindar-receitas-do-petroleo-da-venezuela-em-contas-nos-eua/,2026-01-10,gazetadopovo.com.br
Latin_America,"Sob pressão dos EUA, Nicarágua liberta presos políticos",https://istoe.com.br/sob-pressao-dos-eua-nicaragua-liberta-presos-politicos,2026-01-10,istoe.com.br
Latin_America,Trump decreta “emergencia nacional” y firma orden para proteger ingresos del petróleo venezolano en cuentas de Estados Unidos; busca evitar embargos y demandas internacionales,https://www.elimparcial.com/mundo/2026/01/10/trump-decreta-emergencia-nacional-y-firma-orden-para-proteger-ingresos-del-petroleo-venezolano-en-cuentas-de-estados-unidos-busca-evitar-embargos-y-demandas-internacionales/,2026-01-10,elimparcial.com
Latin_America,Trump pone bajo control de Estados Unidos el dinero del petróleo venezolano,https://airevision.com.ar/trump-pone-bajo-control-de-estados-unidos-el-dinero-del-petroleo-venezolano/,2026-01-10,airevision.com.ar
Latin_America,"Tras anunciar restricciones a exportaciones de productos de doble uso, China lanza advertencia a Japón por presuntas señales de un cambio en su histórica postura de no poseer armas nucleares",https://www.elimparcial.com/mundo/2026/01/10/tras-anunciar-restricciones-a-exportaciones-de-productos-de-doble-uso-china-lanza-advertencia-a-japon-por-presuntas-senales-de-un-cambio-en-su-historica-postura-de-no-poseer-armas-nucleares/,2026-01-10,elimparcial.com
Latin_America,"Donald Trump reveló que entre martes y miércoles se reunirá con María Corina Machado, ganadora del Premio Nobel y líder de la oposición venezolana, pero insiste en que el galardón tuvo que ser para él: “Yo resolví ocho guerras grandes”",https://www.elimparcial.com/mundo/2026/01/10/donald-trump-revelo-que-entre-martes-y-miercoles-se-reunira-con-maria-corina-machado-ganadora-del-premio-nobel-y-lider-de-la-oposicion-venezolana-pero-insiste-en-que-el-galardon-tuvo-que-ser-para-el-yo-resolvi-ocho-guerras-grandes/,2026-01-10,elimparcial.com
Latin_America,Vigilias continúan en Venezuela tras excarcelaciones limitadas de presos políticos: solo 22 de los más de 800 han sido liberados recientemente,https://www.eltiempo.com/mundo/venezuela/vigilias-continuan-en-venezuela-tras-excarcelaciones-limitadas-de-presos-politicos-solo-22-de-los-mas-de-800-han-sido-liberados-recientemente-3523376,2026-01-10,eltiempo.com
Latin_America,Trump decreta emergencia para proteger ingresos del petróleo venezolano en EE. UU. -,https://www.elbuentono.com.mx/trump-decreta-emergencia-para-proteger-ingresos-del-petroleo-venezolano-en-ee-uu/,2026-01-10,elbuentono.com.mx
Latin_America,Los parapoliciales chavistas dicen que si Donald Trump quiere el petróleo tendrá que matarlos y denuncian traiciones,https://www.clarin.com/mundo/parapoliciales-chavistas-dicen-donald-trump-quiere-petroleo-matarlos-denuncian-traiciones_0_ZHrG3R8M5B.html,2026-01-10,clarin.com
Latin_America,"Cuba sustentou Maduro com armas, silêncio e petróleo barato",https://www.gazetadopovo.com.br/opiniao/artigos/cuba-sustentou-maduro-com-armas-silencio-e-petroleo-barato/,2026-01-10,gazetadopovo.com.br
Latin_America,"Estados Unidos urge a sus ciudadanos abandonar Venezuela ante riesgo de detenciones, violencia y control de colectivos armados",https://www.eltiempo.com/mundo/venezuela/estados-unidos-urge-a-sus-ciudadanos-abandonar-venezuela-ante-riesgo-de-detenciones-violencia-y-control-de-colectivos-armados-3523380,2026-01-10,eltiempo.com
Latin_America,A pretensa superioridade da esquerda na defesa de suas ditaduras,https://www.gazetadopovo.com.br/opiniao/artigos/a-venezuela-sob-os-eua-e-a-pretensa-superioridade-moral-da-esquerda-na-defesa-de-suas-ditaduras/,2026-01-10,gazetadopovo.com.br
Latin_America,"Groenlandia, México y Colombia enfrentan la doctrina del 'garrote' de Donald Trump: ¿de qué depende que decida cumplir su amenaza de atacarlos?",https://www.eltiempo.com/mundo/eeuu-y-canada/groenlandia-mexico-y-colombia-enfrentan-la-doctrina-del-garrote-de-donald-trump-de-que-depende-que-decida-cumplir-su-amenaza-de-atacarlos-3523184,2026-01-10,eltiempo.com
Latin_America,"Sob pressão dos EUA, Nicarágua liberta presos políticos","https://www.terra.com.br/noticias/sob-pressao-dos-eua-nicaragua-liberta-presos-politicos,1fa1d43d538a0e6093ce16c1780c762aaceuhvta.html",2026-01-10,terra.com.br
Latin_America,"Após insinuação de Machado sobre Nobel para Trump, Instituto Nobel descarta transferência","https://www.terra.com.br/noticias/mundo/apos-insinuacao-de-machado-sobre-nobel-para-trump-instituto-nobel-descarta-transferencia,1386da598e15b0ef4b0cfb9ab8de5a5bdtkjld7n.html",2026-01-10,terra.com.br
Latin_America,Donald Trump firmó un decreto para proteger los ingresos petroleros venezolanos en Estados Unidos,https://www.ellitoral.com.ar/internacional/2026-1-10-17-17-0-trump-firmo-un-decreto-para-proteger-los-ingresos-petroleros-venezolanos-en-estados-unidos,2026-01-10,ellitoral.com.ar
Latin_America,Petroleiras impõem condições a Trump para retorno à Venezuela,https://valor.globo.com/mundo/noticia/2026/01/10/petroleiras-impem-condies-a-trump-para-retorno-venezuela.ghtml,2026-01-10,globo.com
Latin_America,Gigantes do petróleo recebem com cautela plano de Trump para a Venezuela,https://operamundi.uol.com.br/conflito-eua-e-venezuela/gigantes-do-petroleo-recebem-com-frieza-plano-de-trump-para-a-venezuela/,2026-01-10,uol.com.br
Latin_America,Chiến lược an ninh quốc gia của ông Trump đẩy châu Âu vào thế khó,https://www.bbc.com/vietnamese/articles/c79r3d215g2o?at_medium=RSS&at_campaign=rss,2026-01-10,bbc.com
Latin_America,Chiến dịch tình báo bắt giữ ông Maduro: những bí ẩn chưa lời giải,https://www.bbc.com/vietnamese/articles/ckgkx8xxd4yo?at_medium=RSS&at_campaign=rss,2026-01-10,bbc.com
Latin_America,El gobernador de Antioquia pide que se traten los siguientes puntos en el encuentro Trump-Petro,https://www.elnuevosiglo.com.co/politica/los-seis-puntos-que-pide-tratar-el-gobernador-de-antioquia-en-encuentro-trump-petro,2026-01-10,elnuevosiglo.com.co
Latin_America,Trump decreta protección de ingresos petroleros de Venezuela en EE. UU.,https://www.elnuevosiglo.com.co/internacional/trump-decreta-proteccion-de-ingresos-petroleros-de-venezuela-en-ee-uu,2026-01-10,elnuevosiglo.com.co
Latin_America,"Trump dijo que tomará Groenlandia ""por las malas"" si no alcanza un acuerdo",https://sinmordaza.com/noticia/492405-trump-dijo-que-tomara-groenlandia-por-las-malas-si-no-alcanza-un-acuerdo.html,2026-01-10,sinmordaza.com
Latin_America,EEUU alerta que los colectivos chavistas acechan al personal diplomático enviado por Trump a Venezuela,https://lapatilla.com/2026/01/10/eeuu-alerta-que-los-colectivos-chavistas-acechan-al-personal-diplomatico-enviado-por-trump-a-venezuela/,2026-01-10,lapatilla.com
Latin_America,Exxon califica a Venezuela como “no apta para invertir” pese a la presión de Trump,https://chacodiapordia.com/exxon-califica-a-venezuela-como-no-apta-para-invertir-pese-a-la-presion-de-trump/,2026-01-10,chacodiapordia.com
Latin_America,Estados Unidos pode suspender mais sanções à Venezuela na próxima semana,https://valor.globo.com/mundo/noticia/2026/01/10/estados-unidos-pode-suspender-mais-sanes-venezuela-na-prxima-semana.ghtml,2026-01-10,globo.com
Latin_America,CEO de petroleira dos EUA a Trump: “é inviável investir na Venezuela”,https://istoe.com.br/ceo-de-petroleira-dos-eua-a-trump-e-inviavel-investir-na-venezuela,2026-01-10,istoe.com.br
Latin_America,"Petrolífera dos EUA diz a Trump que investir na Venezuela é ""inviável""",https://www.metropoles.com/negocios/petrolifera-dos-eua-diz-a-trump-que-investir-na-venezuela-e-inviavel,2026-01-10,metropoles.com
Latin_America,¿Trump podría invadir Canadá? Preocupación incrementa entre ciudadanos tras captura de Maduro,https://www.elfinanciero.com.mx/mundo/2026/01/10/trump-podria-invadir-canada-preocupacion-incrementa-entre-ciudadanos-tras-captura-de-maduro/,2026-01-10,elfinanciero.com.mx
Latin_America,Venezuela no verá el ‘cash’: Trump decreta emergencia para proteger en EU ingresos por venta de crudo,https://www.elfinanciero.com.mx/mundo/2026/01/10/venezuela-no-vera-el-cash-trump-decreta-emergencia-para-proteger-en-eu-ingresos-por-venta-de-crudo/,2026-01-10,elfinanciero.com.mx
Latin_America,Instituto Nobel rebate María Corina e diz que prêmio é intransferível,https://www.metropoles.com/mundo/instituto-nobel-rebate-maria-corina-e-diz-que-premio-e-intransferivel,2026-01-10,metropoles.com
Latin_America,Lucas Pinheiro garante outra prata na Copa do Mundo de esqui alpino,https://opiniaoenoticia.com.br/2026/01/10/lucas-pinheiro-garante-outra-prata-na-copa-do-mundo-de-esqui-alpino/,2026-01-10,opiniaoenoticia.com.br
Latin_America,"Acordo Mercosul-UE está alinhado a objetivos ambientais, diz ministra",https://opiniaoenoticia.com.br/2026/01/10/acordo-mercosul-ue-esta-alinhado-a-objetivos-ambientais-diz-ministra/,2026-01-10,opiniaoenoticia.com.br
Latin_America,Os mistérios que ainda persistem em torno da operação de inteligência que prendeu Maduro,https://www.bbc.com/portuguese/articles/c87rp351y2eo?at_medium=RSS&at_campaign=rss,2026-01-10,bbc.com
Latin_America,Nobel diz que prêmio da Paz não pode mudar de dono após Corina Machado sugerir entregá-lo a Trump,https://g1.globo.com/mundo/noticia/2026/01/10/nobel-diz-que-premio-da-paz-nao-pode-mudar-de-dono.ghtml,2026-01-10,globo.com
Latin_America,"VÍDEOS: Jornal do Acre 1ª edição deste sábado, 10 de janeiro de 2026",https://g1.globo.com/ac/acre/playlist/videos-jornal-do-acre-1-edicao-deste-sabado-10-de-janeiro-de-2026.ghtml,2026-01-10,globo.com
Latin_America,Trump age para impedir que petrÃ³leo venezuelano acabe apreendido por tribunais dos EUA,https://www1.folha.uol.com.br/mercado/2026/01/trump-age-para-impedir-que-petroleo-venezuelano-acabe-apreendido-por-tribunais-dos-eua.shtml,2026-01-10,uol.com.br
Latin_America,"Tras el enojo de Lula y la tensión por la embajada en Caracas, Milei les hizo un nuevo gesto a los Bolsonaro",https://www.lanacion.com.ar/politica/tras-el-enojo-de-lula-y-la-tension-por-la-embajada-en-caracas-milei-le-hizo-un-nuevo-gesto-los-nid10012026/,2026-01-10,lanacion.com.ar
Latin_America,"Ricardo AraÃºjo Pereira: Donald Trump abominava o intervencionismo, mas quer tomar a GroenlÃ¢ndia",https://www1.folha.uol.com.br/colunas/ricardo-araujo-pereira/2026/01/donald-trump-abominava-o-intervencionismo-mas-quer-tomar-a-groenlandia.shtml,2026-01-10,uol.com.br
Latin_America,Les dilemmes complexes que les menaces de Trump concernant le Groenland posent à l'OTAN et à l'Union européenne,https://www.bbc.com/afrique/articles/c07xzkvevzeo?at_medium=RSS&at_campaign=rss,2026-01-10,bbc.com
Latin_America,Preocupa en México anuncio de Trump de atacar cárteles,https://www.elterritorio.com.ar/noticias/2026/01/10/872769-preocupa-en-mexico-anuncio-de-trump-de-atacar-carteles,2026-01-10,elterritorio.com.ar
Latin_America,"Trump se reunió con CEOs de petroleras por el plan sobre Venezuela: ""Estamos listos para ayudar""",https://www.elterritorio.com.ar/noticias/2026/01/09/872753-trump-se-reunio-con-ceos-de-petroleras-por-el-plan-sobre-venezuela-estamos-listos-para-ayudar,2026-01-09,elterritorio.com.ar
Latin_America,Cómo podría Trump hacerse con el control de Groenlandia,https://www.bbc.com/mundo/articles/c5yv619qqq8o?at_medium=RSS&at_campaign=rss,2026-01-10,bbc.com
Latin_America,Estados Unidos protege fondos petroleros venezolanos y Trump declara el estado de emergencia nacional,https://www.elesquiu.com/internacionales/2026/1/10/estados-unidos-protege-fondos-petroleros-venezolanos-trump-declara-el-estado-de-emergencia-nacional-582096.html,2026-01-10,elesquiu.com
Latin_America,Trump asegura que su administraciÃ³n âse lleva extremadamente bienâ con Venezuela,https://www.elcolombiano.com/inicio/trump-dice-su-administracion-se-lleva-extremadamente-bien-con-venezuela-OF32404280,2026-01-10,elcolombiano.com
Latin_America,"Tras reuniÃ³n, petroleros de EE. UU. frenaron entusiasmo de Trump por invertir US$100.000 millones en Venezuela, Â¿quÃ© pasÃ³?",https://www.elcolombiano.com/inicio/petroleras-frenan-entusiamo-donald-trump-inversion-100-millones-dolares-crudo-venezuela-EF32407289,2026-01-10,elcolombiano.com
Latin_America,Trump abrió la caja de Pandora venezolana: un factor imprevisible en su frente interno y las “lecciones” de Irak y Afganistán,https://www.lanacion.com.ar/estados-unidos/trump-abrio-la-caja-de-pandora-venezolana-un-factor-imprevisible-en-su-frente-interno-y-las-nid10012026/,2026-01-10,lanacion.com.ar
Latin_America,Congresistas demÃ³cratas alertan a Trump sobre el âdesastreâ de una intervenciÃ³n militar en MÃ©xico,https://www.elcolombiano.com/inicio/democratas-advierten-a-trump-intervencion-terrestre-eeuu-mexico-desastre-LE32410946,2026-01-10,elcolombiano.com
Latin_America,Trump decreta una “emergencia” para proteger en EUA las ventas del petróleo de Venezuela,https://www.lavozdemichoacan.com.mx/mundo/eua/trump-decreta-emergencia-nacional-control-petroleo-venezuela-ingresos/,2026-01-10,lavozdemichoacan.com.mx
Latin_America,Canciller venezolano responde al papa León XIV que Venezuela “no es ni ha sido un Estado de narcotráfico”,https://www.lavozdemichoacan.com.mx/mundo/venezuela-responde-papa-leon-xiv-niega-narcotrafico-tras-ataque-eeuu/,2026-01-10,lavozdemichoacan.com.mx
Latin_America,Boric realza la baja de la pobreza durante su mandato y vuelve a arremeter contra Trump,https://www.larepublica.co/globoeconomia/boric-realza-la-baja-de-la-pobreza-durante-su-mandato-y-vuelve-a-arremeter-contra-trump-4303818,2026-01-10,larepublica.co
Latin_America,La caída de Maduro rebaja el riesgo del conflicto fronterizo con la Guyana petrolera,https://www.larepublica.co/globoeconomia/la-caida-de-maduro-rebaja-el-riesgo-del-conflicto-fronterizo-con-la-guyana-petrolera-4303798,2026-01-10,larepublica.co
Latin_America,Trump firmó orden para bloquear ingresos petroleros de Venezuela retenidos en EE.UU.,https://www.larepublica.co/globoeconomia/trump-firma-orden-para-bloquear-ingresos-petroleros-de-venezuela-retenidos-en-ee-uu-4303819,2026-01-10,larepublica.co
Latin_America,Los problemas de la nueva fórmula infantil de Nestlé ponen en aprietos al nuevo CEO,https://www.larepublica.co/globoeconomia/los-problemas-de-la-nueva-formula-infantil-de-nestle-ponen-en-entredicho-el-plan-de-renovacion-del-ceo-4303781,2026-01-10,larepublica.co
Latin_America,Governo Lula deixará custódia da embaixada da Argentina na Venezuela,https://www.metropoles.com/mundo/governo-lula-deixara-custodia-da-embaixada-da-argentina-na-venezuela,2026-01-10,metropoles.com
Latin_America,Trump and Petro: Eagle Vs Jaguar,https://thebogotapost.com/trump-and-petro-eagle-vs-jaguar/54286/,2026-01-10,thebogotapost.com
Latin_America,Milhares de agricultores protestam na Irlanda contra acordo UE-Mercosul,https://odia.ig.com.br/mundo-e-ciencia/2026/01/7191319-milhares-de-agricultores-protestam-na-irlanda-contra-acordo-ue-mercosul.html,2026-01-10,ig.com.br
Latin_America,CEO de petroleira dos EUA a Trump: “é inviável investir na Venezuela”,https://www.ebc.com.br/destaques/agencia-brasil/ceo-de-petroleira-dos-eua-trump-e-inviavel-investir-na-venezuela,2026-01-10,ebc.com.br
Latin_America,"Maduro y Trump, indefendibles",https://www.clarin.com/opinion/maduro-trump-indefendibles_0_kQJPZbZyLm.html,2026-01-10,clarin.com
Latin_America,Trump cancela nueva ofensiva contra Venezuela tras liberación de presos políticos,https://antenasanluis.mx/trump-cancela-nueva-ofensiva-contra-venezuela-tras-liberacion-de-presos-politicos/,2026-01-10,antenasanluis.mx
Latin_America,Trump assina decreto para blindar receitas do petróleo da Venezuela,https://www.metropoles.com/mundo/trump-assina-decreto-para-blindar-receitas-do-petroleo-da-venezuela,2026-01-10,metropoles.com
Latin_America,Governo Lula deixa custódia de Embaixada da Argentina na Venezuela em meio a tensão com Milei,https://odia.ig.com.br/mundo-e-ciencia/2026/01/7191298-governo-lula-deixa-custodia-de-embaixada-da-argentina-na-venezuela-em-meio-a-tensao-com-milei.html,2026-01-10,ig.com.br
Latin_America,Thousands rally in Colombia’s Plaza de Bolívar following President Petro’s call with Trump,https://thebogotapost.com/gustavo-petro-protests-u-s-intervention-colombia/54281/,2026-01-09,thebogotapost.com
Latin_America,"Protestos persistem no IrÃ£, apesar de repressÃ£o, e ao menos 65 jÃ¡ morreram, diz ONG; veja vÃ­deo",https://www1.folha.uol.com.br/mundo/2026/01/protestos-persistem-no-ira-apesar-de-repressao-e-ao-menos-65-ja-morreram-diz-ong-veja-video.shtml,2026-01-10,uol.com.br
Latin_America,Autoridades iranianas sinalizam intensificação da repressão à medida que manifestações aumentam,https://valor.globo.com/mundo/noticia/2026/01/10/autoridades-iranianas-sinalizam-intensificacao-da-repressao-a-medida-que-manifestacoes-aumentam.ghtml,2026-01-10,globo.com
Latin_America,"Brasil deixa custódia da Embaixada da Argentina na Venezuela, diz jornal",https://valor.globo.com/brasil/noticia/2026/01/10/brasil-deixa-custdia-da-embaixada-da-argentina-na-venezuela-diz-jornal.ghtml,2026-01-10,globo.com
Latin_America,Trump declara emergencia nacional y blinda los fondos petroleros de Venezuela,https://www.tiemposur.com.ar/internacionales/trump-declara-emergencia-nacional-y-blinda-los-fondos-petroleros-de-venezuela,2026-01-10,tiemposur.com.ar
Latin_America,Contesta petrolera Exxon a Trump: Venezuela no es viable para invertir,https://impactonoticias.com.mx/estatal/contesta-petrolera-exxon-a-trump-venezuela-no-es-viable-para-invertir/,2026-01-10,impactonoticias.com.mx
Latin_America,Venezuela liberta 18 detentos de prisão após incursão militar dos EUA,"https://www.terra.com.br/noticias/mundo/venezuela-liberta-18-detentos-de-prisao-apos-incursao-militar-dos-eua,6922df74acc8f9dc21e54710010a0451m9dcuin3.html",2026-01-10,terra.com.br
Latin_America,Donald Trump decreta “emergencia nacional” para blindar en EE. UU. ventas de petróleo en Venezuela,https://hoydiariodelmagdalena.com.co/1227443/trump-firma-decreto-para-proteger-ingresos-por-petroleo-de-venezuela-retenidos-por-eeuu/,2026-01-10,hoydiariodelmagdalena.com.co
Latin_America,Reservas venezolanas en juego: la apuesta de Trump con las petroleras estadounidenses,https://eleconomista.com.ar/energia/reservas-venezolanas-juego-apuesta-trump-petroleras-estadounidenses-n91846,2026-01-09,eleconomista.com.ar
Latin_America,"Esta vez no fue el FMI ni Trump, fueron los Reyes Magos que ayudaron a Milei",https://www.parlamentario.com/2026/01/10/esta-vez-no-fue-el-fmi-ni-trump-fueron-los-reyes-magos-que-ayudaron-a-milei/,2026-01-10,parlamentario.com
Latin_America,Trump presiona a petroleras para millonaria inversión tras cambios políticos en Venezuela,https://laverdad.com.mx/2026/01/trump-presiona-a-petroleras-para-millonaria-inversion-tras-cambios-politicos-en-venezuela/,2026-01-10,laverdad.com.mx
Latin_America,"Walker, el lado B de Trump",https://eleconomista.com.ar/politica/walker-lado-b-trump-n91851,2026-01-10,eleconomista.com.ar
Latin_America,Trump decreta protección de ingresos petroleros de Venezuela y el chavismo marcha,https://hoydiariodelmagdalena.com.co/1227436/trump-decreta-proteccion-de-ingresos-petroleros-de-venezuela-y-el-chavismo-marcha/,2026-01-10,hoydiariodelmagdalena.com.co
Latin_America,Masacre en Maicao (La Guajira): cinco jóvenes fueron asesinados y una banda criminal prohíbe salir de noche a esta población fronteriza con Venezuela,https://www.eltiempo.com/colombia/otras-ciudades/masacre-en-la-guajira-cinco-personas-fueron-asesinadas-a-pocos-kilometros-de-la-frontera-con-venezuela-3523357,2026-01-10,eltiempo.com
Latin_America,Trump firma un decreto de 'emergencia nacional' para proteger los activos de Venezuela en Estados Unidos frente a embargos,https://www.eltiempo.com/mundo/eeuu-y-canada/trump-firma-un-decreto-de-emergencia-nacional-para-proteger-los-activos-de-venezuela-en-estados-unidos-frente-a-embargos-3523346,2026-01-10,eltiempo.com
Latin_America,Resonancias al Caracazo,https://juarezhoy.com.mx/resonancias-al-caracazo/,2026-01-10,juarezhoy.com.mx
Latin_America,Trump assina ordem para proteger receita do petróleo venezuelano em contas nos EUA,https://veja.abril.com.br/mundo/trump-assina-ordem-para-proteger-receita-do-petroleo-venezuelano-em-contas-nos-eua/,2026-01-10,abril.com.br
Latin_America,Trump firma orden para proteger ingresos petroleros venezolanos depositados en cuentas de EU,https://www.eleconomista.com.mx/empresas/trump-firma-orden-proteger-ingresos-petroleros-venezolanos-depositados-cuentas-eu-20260110-794695.html,2026-01-10,eleconomista.com.mx
Latin_America,DemÃ³cratas advierten que ataque militar de Trump a MÃ©xico serÃ­a âdesastrosoâ,https://www.noroeste.com.mx/internacional/democratas-advierten-que-ataque-militar-de-trump-a-mexico-seria-desastroso-DI18980883,2026-01-09,noroeste.com.mx
Latin_America,Estas son las petroleras que participaron en la primera reunión con Trump,https://www.sdpnoticias.com/internacional/estas-son-las-petroleras-que-participaron-en-la-primera-reunion-con-trump/,2026-01-10,sdpnoticias.com
Latin_America,Trump ofrece incentivos a petroleras para regresar a Venezuela,https://www.sdpnoticias.com/internacional/trump-ofrece-incentivos-a-petroleras-para-regresar-a-venezuela/,2026-01-10,sdpnoticias.com
Latin_America,Trump no convence a petroleras para invertir en Venezuela,https://www.sinembargo.mx/4750001/trump-no-convence-a-petroleras-estadounidenses-de-invertir-en-venezuela-ven-riesgos/,2026-01-10,sinembargo.mx
Latin_America,"Trump dijo que espera a Machado para que le regale el Nobel: ""SerÃ­a un gran honor""",https://www.lapoliticaonline.com/internacionales/trump-dijo-que-espera-a-machado-para-que-le-regale-el-nobel-seria-un-gran-honor/,2026-01-09,lapoliticaonline.com
Latin_America,Trump declara emergencia nacional para proteger ingresos del petroleo,https://www.milenio.com/internacional/trump-declara-emergencia-nacional-proteger-ingresos-petroleo,2026-01-10,milenio.com
Latin_America,Firma Trump orden para proteger ingresos petroleros venezolanos en EU,https://www.quadratin.com.mx/internacionales/firma-trump-orden-para-proteger-ingresos-petroleros-venezolanos-en-eu/,2026-01-10,quadratin.com.mx
Latin_America,Diario El Dia de La Plata www.eldia.com,https://www.eldia.com/nota/2026-1-10-3-58-46-trump-y-el-petroleo-de-venezuela-entre-las-midterms-y-la-futura-geoeconomia-opinion,2026-01-10,eldia.com
Latin_America,Trump assina decreto para proteger receitas do petróleo da Venezuela retidas por EUA,https://istoe.com.br/trump-assina-decreto-para-proteger-receitas-do-petroleo-da-venezuela-retidas-por-eua,2026-01-10,istoe.com.br
Latin_America,Trump quer impedir confisco de valores do petróleo venezuelano de contas dos EUA,https://istoe.com.br/trump-quer-impedir-confisco-de-valores-do-petroleo-venezuelano-de-contas-dos-eua,2026-01-10,istoe.com.br
Latin_America,Trump declara emergencia nacional y blinda fondos petroleros de Venezuela en el Tesoro de EE. UU.,https://www.lanueva.com/nota/2026-1-10-15-30-0-trump-declara-emergencia-nacional-y-blinda-fondos-petroleros-de-venezuela-en-el-tesoro-de-ee-uu,2026-01-10,lanueva.com
Latin_America,¿Puede María Corina Machado transferir su Nobel de la Paz a Donald Trump?: la respuesta del instituto,https://www.ambito.com/mundo/puede-maria-corina-machado-transferir-su-nobel-la-paz-donald-trump-la-respuesta-del-instituto-n6232771,2026-01-10,ambito.com
Latin_America,"Uma semana após ataque dos EUA, governo venezuelano permanece unido e com respaldo popular",https://www.brasildefato.com.br/2026/01/10/uma-semana-apos-ataque-dos-eua-governo-venezuelano-permanece-unido-e-com-respaldo-popular/,2026-01-10,brasildefato.com.br
Latin_America,Movimentos populares convocam ação nacional em defesa da Venezuela,https://www.brasildefato.com.br/2026/01/10/movimentos-populares-convocam-acao-nacional-em-defesa-da-venezuela/,2026-01-10,brasildefato.com.br
Latin_America,Governo Lula vai deixar representaÃ§Ã£o da embaixada da Argentina na Venezuela,https://www1.folha.uol.com.br/mundo/2026/01/governo-lula-vai-deixar-representacao-da-embaixada-da-argentina-na-venezuela.shtml,2026-01-10,uol.com.br
